<?xml version="1.0" encoding="UTF-8"?>
<root>
  <item name="androidx.media.AudioAttributesCompat int getUsage()">
    <annotation name="androidx.annotation.IntDef">
      <val name="value" val="{androidx.media.AudioAttributesCompat.USAGE_UNKNOWN, androidx.media.AudioAttributesCompat.USAGE_MEDIA, androidx.media.AudioAttributesCompat.USAGE_VOICE_COMMUNICATION, androidx.media.AudioAttributesCompat.USAGE_VOICE_COMMUNICATION_SIGNALLING, androidx.media.AudioAttributesCompat.USAGE_ALARM, androidx.media.AudioAttributesCompat.USAGE_NOTIFICATION, androidx.media.AudioAttributesCompat.USAGE_NOTIFICATION_RINGTONE, androidx.media.AudioAttributesCompat.USAGE_NOTIFICATION_COMMUNICATION_REQUEST, androidx.media.AudioAttributesCompat.USAGE_NOTIFICATION_COMMUNICATION_INSTANT, androidx.media.AudioAttributesCompat.USAGE_NOTIFICATION_COMMUNICATION_DELAYED, androidx.media.AudioAttributesCompat.USAGE_NOTIFICATION_EVENT, androidx.media.AudioAttributesCompat.USAGE_ASSISTANCE_ACCESSIBILITY, androidx.media.AudioAttributesCompat.USAGE_ASSISTANCE_NAVIGATION_GUIDANCE, androidx.media.AudioAttributesCompat.USAGE_ASSISTANCE_SONIFICATION, androidx.media.AudioAttributesCompat.USAGE_GAME, androidx.media.AudioAttributesCompat.USAGE_ASSISTANT}" />
    </annotation>
  </item>
  <item name="androidx.media.AudioAttributesCompat int toVolumeStreamType(boolean, int, int) 2">
    <annotation name="androidx.annotation.IntDef">
      <val name="value" val="{androidx.media.AudioAttributesCompat.USAGE_UNKNOWN, androidx.media.AudioAttributesCompat.USAGE_MEDIA, androidx.media.AudioAttributesCompat.USAGE_VOICE_COMMUNICATION, androidx.media.AudioAttributesCompat.USAGE_VOICE_COMMUNICATION_SIGNALLING, androidx.media.AudioAttributesCompat.USAGE_ALARM, androidx.media.AudioAttributesCompat.USAGE_NOTIFICATION, androidx.media.AudioAttributesCompat.USAGE_NOTIFICATION_RINGTONE, androidx.media.AudioAttributesCompat.USAGE_NOTIFICATION_COMMUNICATION_REQUEST, androidx.media.AudioAttributesCompat.USAGE_NOTIFICATION_COMMUNICATION_INSTANT, androidx.media.AudioAttributesCompat.USAGE_NOTIFICATION_COMMUNICATION_DELAYED, androidx.media.AudioAttributesCompat.USAGE_NOTIFICATION_EVENT, androidx.media.AudioAttributesCompat.USAGE_ASSISTANCE_ACCESSIBILITY, androidx.media.AudioAttributesCompat.USAGE_ASSISTANCE_NAVIGATION_GUIDANCE, androidx.media.AudioAttributesCompat.USAGE_ASSISTANCE_SONIFICATION, androidx.media.AudioAttributesCompat.USAGE_GAME, androidx.media.AudioAttributesCompat.USAGE_ASSISTANT}" />
    </annotation>
  </item>
  <item name="androidx.media.AudioAttributesCompat.AttributeContentType">
    <annotation name="androidx.annotation.IntDef">
      <val name="value" val="{androidx.media.AudioAttributesCompat.CONTENT_TYPE_UNKNOWN, androidx.media.AudioAttributesCompat.CONTENT_TYPE_SPEECH, androidx.media.AudioAttributesCompat.CONTENT_TYPE_MUSIC, androidx.media.AudioAttributesCompat.CONTENT_TYPE_MOVIE, androidx.media.AudioAttributesCompat.CONTENT_TYPE_SONIFICATION}" />
    </annotation>
  </item>
  <item name="androidx.media.AudioAttributesCompat.AttributeUsage">
    <annotation name="androidx.annotation.IntDef">
      <val name="value" val="{androidx.media.AudioAttributesCompat.USAGE_UNKNOWN, androidx.media.AudioAttributesCompat.USAGE_MEDIA, androidx.media.AudioAttributesCompat.USAGE_VOICE_COMMUNICATION, androidx.media.AudioAttributesCompat.USAGE_VOICE_COMMUNICATION_SIGNALLING, androidx.media.AudioAttributesCompat.USAGE_ALARM, androidx.media.AudioAttributesCompat.USAGE_NOTIFICATION, androidx.media.AudioAttributesCompat.USAGE_NOTIFICATION_RINGTONE, androidx.media.AudioAttributesCompat.USAGE_NOTIFICATION_COMMUNICATION_REQUEST, androidx.media.AudioAttributesCompat.USAGE_NOTIFICATION_COMMUNICATION_INSTANT, androidx.media.AudioAttributesCompat.USAGE_NOTIFICATION_COMMUNICATION_DELAYED, androidx.media.AudioAttributesCompat.USAGE_NOTIFICATION_EVENT, androidx.media.AudioAttributesCompat.USAGE_ASSISTANCE_ACCESSIBILITY, androidx.media.AudioAttributesCompat.USAGE_ASSISTANCE_NAVIGATION_GUIDANCE, androidx.media.AudioAttributesCompat.USAGE_ASSISTANCE_SONIFICATION, androidx.media.AudioAttributesCompat.USAGE_GAME, androidx.media.AudioAttributesCompat.USAGE_ASSISTANT}" />
    </annotation>
  </item>
  <item name="androidx.media.AudioAttributesCompat.Builder androidx.media.AudioAttributesCompat.Builder setContentType(int) 0">
    <annotation name="androidx.annotation.IntDef">
      <val name="value" val="{androidx.media.AudioAttributesCompat.CONTENT_TYPE_UNKNOWN, androidx.media.AudioAttributesCompat.CONTENT_TYPE_SPEECH, androidx.media.AudioAttributesCompat.CONTENT_TYPE_MUSIC, androidx.media.AudioAttributesCompat.CONTENT_TYPE_MOVIE, androidx.media.AudioAttributesCompat.CONTENT_TYPE_SONIFICATION}" />
    </annotation>
  </item>
  <item name="androidx.media.AudioAttributesCompat.Builder androidx.media.AudioAttributesCompat.Builder setUsage(int) 0">
    <annotation name="androidx.annotation.IntDef">
      <val name="value" val="{androidx.media.AudioAttributesCompat.USAGE_UNKNOWN, androidx.media.AudioAttributesCompat.USAGE_MEDIA, androidx.media.AudioAttributesCompat.USAGE_VOICE_COMMUNICATION, androidx.media.AudioAttributesCompat.USAGE_VOICE_COMMUNICATION_SIGNALLING, androidx.media.AudioAttributesCompat.USAGE_ALARM, androidx.media.AudioAttributesCompat.USAGE_NOTIFICATION, androidx.media.AudioAttributesCompat.USAGE_NOTIFICATION_RINGTONE, androidx.media.AudioAttributesCompat.USAGE_NOTIFICATION_COMMUNICATION_REQUEST, androidx.media.AudioAttributesCompat.USAGE_NOTIFICATION_COMMUNICATION_INSTANT, androidx.media.AudioAttributesCompat.USAGE_NOTIFICATION_COMMUNICATION_DELAYED, androidx.media.AudioAttributesCompat.USAGE_NOTIFICATION_EVENT, androidx.media.AudioAttributesCompat.USAGE_ASSISTANCE_ACCESSIBILITY, androidx.media.AudioAttributesCompat.USAGE_ASSISTANCE_NAVIGATION_GUIDANCE, androidx.media.AudioAttributesCompat.USAGE_ASSISTANCE_SONIFICATION, androidx.media.AudioAttributesCompat.USAGE_GAME, androidx.media.AudioAttributesCompat.USAGE_ASSISTANT}" />
    </annotation>
  </item>
  <item name="androidx.media.AudioAttributesImpl int getUsage()">
    <annotation name="androidx.annotation.IntDef">
      <val name="value" val="{androidx.media.AudioAttributesCompat.USAGE_UNKNOWN, androidx.media.AudioAttributesCompat.USAGE_MEDIA, androidx.media.AudioAttributesCompat.USAGE_VOICE_COMMUNICATION, androidx.media.AudioAttributesCompat.USAGE_VOICE_COMMUNICATION_SIGNALLING, androidx.media.AudioAttributesCompat.USAGE_ALARM, androidx.media.AudioAttributesCompat.USAGE_NOTIFICATION, androidx.media.AudioAttributesCompat.USAGE_NOTIFICATION_RINGTONE, androidx.media.AudioAttributesCompat.USAGE_NOTIFICATION_COMMUNICATION_REQUEST, androidx.media.AudioAttributesCompat.USAGE_NOTIFICATION_COMMUNICATION_INSTANT, androidx.media.AudioAttributesCompat.USAGE_NOTIFICATION_COMMUNICATION_DELAYED, androidx.media.AudioAttributesCompat.USAGE_NOTIFICATION_EVENT, androidx.media.AudioAttributesCompat.USAGE_ASSISTANCE_ACCESSIBILITY, androidx.media.AudioAttributesCompat.USAGE_ASSISTANCE_NAVIGATION_GUIDANCE, androidx.media.AudioAttributesCompat.USAGE_ASSISTANCE_SONIFICATION, androidx.media.AudioAttributesCompat.USAGE_GAME, androidx.media.AudioAttributesCompat.USAGE_ASSISTANT}" />
    </annotation>
  </item>
  <item name="androidx.media.AudioAttributesImpl.Builder androidx.media.AudioAttributesImpl.Builder setContentType(int) 0">
    <annotation name="androidx.annotation.IntDef">
      <val name="value" val="{androidx.media.AudioAttributesCompat.CONTENT_TYPE_UNKNOWN, androidx.media.AudioAttributesCompat.CONTENT_TYPE_SPEECH, androidx.media.AudioAttributesCompat.CONTENT_TYPE_MUSIC, androidx.media.AudioAttributesCompat.CONTENT_TYPE_MOVIE, androidx.media.AudioAttributesCompat.CONTENT_TYPE_SONIFICATION}" />
    </annotation>
  </item>
  <item name="androidx.media.AudioAttributesImpl.Builder androidx.media.AudioAttributesImpl.Builder setUsage(int) 0">
    <annotation name="androidx.annotation.IntDef">
      <val name="value" val="{androidx.media.AudioAttributesCompat.USAGE_UNKNOWN, androidx.media.AudioAttributesCompat.USAGE_MEDIA, androidx.media.AudioAttributesCompat.USAGE_VOICE_COMMUNICATION, androidx.media.AudioAttributesCompat.USAGE_VOICE_COMMUNICATION_SIGNALLING, androidx.media.AudioAttributesCompat.USAGE_ALARM, androidx.media.AudioAttributesCompat.USAGE_NOTIFICATION, androidx.media.AudioAttributesCompat.USAGE_NOTIFICATION_RINGTONE, androidx.media.AudioAttributesCompat.USAGE_NOTIFICATION_COMMUNICATION_REQUEST, androidx.media.AudioAttributesCompat.USAGE_NOTIFICATION_COMMUNICATION_INSTANT, androidx.media.AudioAttributesCompat.USAGE_NOTIFICATION_COMMUNICATION_DELAYED, androidx.media.AudioAttributesCompat.USAGE_NOTIFICATION_EVENT, androidx.media.AudioAttributesCompat.USAGE_ASSISTANCE_ACCESSIBILITY, androidx.media.AudioAttributesCompat.USAGE_ASSISTANCE_NAVIGATION_GUIDANCE, androidx.media.AudioAttributesCompat.USAGE_ASSISTANCE_SONIFICATION, androidx.media.AudioAttributesCompat.USAGE_GAME, androidx.media.AudioAttributesCompat.USAGE_ASSISTANT}" />
    </annotation>
  </item>
  <item name="androidx.media.AudioAttributesImplApi21 int getUsage()">
    <annotation name="androidx.annotation.IntDef">
      <val name="value" val="{androidx.media.AudioAttributesCompat.USAGE_UNKNOWN, androidx.media.AudioAttributesCompat.USAGE_MEDIA, androidx.media.AudioAttributesCompat.USAGE_VOICE_COMMUNICATION, androidx.media.AudioAttributesCompat.USAGE_VOICE_COMMUNICATION_SIGNALLING, androidx.media.AudioAttributesCompat.USAGE_ALARM, androidx.media.AudioAttributesCompat.USAGE_NOTIFICATION, androidx.media.AudioAttributesCompat.USAGE_NOTIFICATION_RINGTONE, androidx.media.AudioAttributesCompat.USAGE_NOTIFICATION_COMMUNICATION_REQUEST, androidx.media.AudioAttributesCompat.USAGE_NOTIFICATION_COMMUNICATION_INSTANT, androidx.media.AudioAttributesCompat.USAGE_NOTIFICATION_COMMUNICATION_DELAYED, androidx.media.AudioAttributesCompat.USAGE_NOTIFICATION_EVENT, androidx.media.AudioAttributesCompat.USAGE_ASSISTANCE_ACCESSIBILITY, androidx.media.AudioAttributesCompat.USAGE_ASSISTANCE_NAVIGATION_GUIDANCE, androidx.media.AudioAttributesCompat.USAGE_ASSISTANCE_SONIFICATION, androidx.media.AudioAttributesCompat.USAGE_GAME, androidx.media.AudioAttributesCompat.USAGE_ASSISTANT}" />
    </annotation>
  </item>
  <item name="androidx.media.AudioAttributesImplBase int getUsage()">
    <annotation name="androidx.annotation.IntDef">
      <val name="value" val="{androidx.media.AudioAttributesCompat.USAGE_UNKNOWN, androidx.media.AudioAttributesCompat.USAGE_MEDIA, androidx.media.AudioAttributesCompat.USAGE_VOICE_COMMUNICATION, androidx.media.AudioAttributesCompat.USAGE_VOICE_COMMUNICATION_SIGNALLING, androidx.media.AudioAttributesCompat.USAGE_ALARM, androidx.media.AudioAttributesCompat.USAGE_NOTIFICATION, androidx.media.AudioAttributesCompat.USAGE_NOTIFICATION_RINGTONE, androidx.media.AudioAttributesCompat.USAGE_NOTIFICATION_COMMUNICATION_REQUEST, androidx.media.AudioAttributesCompat.USAGE_NOTIFICATION_COMMUNICATION_INSTANT, androidx.media.AudioAttributesCompat.USAGE_NOTIFICATION_COMMUNICATION_DELAYED, androidx.media.AudioAttributesCompat.USAGE_NOTIFICATION_EVENT, androidx.media.AudioAttributesCompat.USAGE_ASSISTANCE_ACCESSIBILITY, androidx.media.AudioAttributesCompat.USAGE_ASSISTANCE_NAVIGATION_GUIDANCE, androidx.media.AudioAttributesCompat.USAGE_ASSISTANCE_SONIFICATION, androidx.media.AudioAttributesCompat.USAGE_GAME, androidx.media.AudioAttributesCompat.USAGE_ASSISTANT}" />
    </annotation>
  </item>
  <item name="androidx.media.AudioAttributesImplBase.Builder androidx.media.AudioAttributesImplBase.Builder setContentType(int) 0">
    <annotation name="androidx.annotation.IntDef">
      <val name="value" val="{androidx.media.AudioAttributesCompat.CONTENT_TYPE_UNKNOWN, androidx.media.AudioAttributesCompat.CONTENT_TYPE_SPEECH, androidx.media.AudioAttributesCompat.CONTENT_TYPE_MUSIC, androidx.media.AudioAttributesCompat.CONTENT_TYPE_MOVIE, androidx.media.AudioAttributesCompat.CONTENT_TYPE_SONIFICATION}" />
    </annotation>
  </item>
  <item name="androidx.media.AudioAttributesImplBase.Builder androidx.media.AudioAttributesImplBase.Builder setUsage(int) 0">
    <annotation name="androidx.annotation.IntDef">
      <val name="value" val="{androidx.media.AudioAttributesCompat.USAGE_UNKNOWN, androidx.media.AudioAttributesCompat.USAGE_MEDIA, androidx.media.AudioAttributesCompat.USAGE_VOICE_COMMUNICATION, androidx.media.AudioAttributesCompat.USAGE_VOICE_COMMUNICATION_SIGNALLING, androidx.media.AudioAttributesCompat.USAGE_ALARM, androidx.media.AudioAttributesCompat.USAGE_NOTIFICATION, androidx.media.AudioAttributesCompat.USAGE_NOTIFICATION_RINGTONE, androidx.media.AudioAttributesCompat.USAGE_NOTIFICATION_COMMUNICATION_REQUEST, androidx.media.AudioAttributesCompat.USAGE_NOTIFICATION_COMMUNICATION_INSTANT, androidx.media.AudioAttributesCompat.USAGE_NOTIFICATION_COMMUNICATION_DELAYED, androidx.media.AudioAttributesCompat.USAGE_NOTIFICATION_EVENT, androidx.media.AudioAttributesCompat.USAGE_ASSISTANCE_ACCESSIBILITY, androidx.media.AudioAttributesCompat.USAGE_ASSISTANCE_NAVIGATION_GUIDANCE, androidx.media.AudioAttributesCompat.USAGE_ASSISTANCE_SONIFICATION, androidx.media.AudioAttributesCompat.USAGE_GAME, androidx.media.AudioAttributesCompat.USAGE_ASSISTANT}" />
    </annotation>
  </item>
  <item name="androidx.media.AudioFocusRequestCompat int getFocusGain()">
    <annotation name="androidx.annotation.IntDef">
      <val name="value" val="{androidx.media.AudioManagerCompat.AUDIOFOCUS_GAIN, androidx.media.AudioManagerCompat.AUDIOFOCUS_GAIN_TRANSIENT, androidx.media.AudioManagerCompat.AUDIOFOCUS_GAIN_TRANSIENT_MAY_DUCK, androidx.media.AudioManagerCompat.AUDIOFOCUS_GAIN_TRANSIENT_EXCLUSIVE}" />
    </annotation>
  </item>
  <item name="androidx.media.AudioFocusRequestCompat.Builder Builder(int) 0">
    <annotation name="androidx.annotation.IntDef">
      <val name="value" val="{androidx.media.AudioManagerCompat.AUDIOFOCUS_GAIN, androidx.media.AudioManagerCompat.AUDIOFOCUS_GAIN_TRANSIENT, androidx.media.AudioManagerCompat.AUDIOFOCUS_GAIN_TRANSIENT_MAY_DUCK, androidx.media.AudioManagerCompat.AUDIOFOCUS_GAIN_TRANSIENT_EXCLUSIVE}" />
    </annotation>
  </item>
  <item name="androidx.media.AudioFocusRequestCompat.Builder androidx.media.AudioFocusRequestCompat.Builder setFocusGain(int) 0">
    <annotation name="androidx.annotation.IntDef">
      <val name="value" val="{androidx.media.AudioManagerCompat.AUDIOFOCUS_GAIN, androidx.media.AudioManagerCompat.AUDIOFOCUS_GAIN_TRANSIENT, androidx.media.AudioManagerCompat.AUDIOFOCUS_GAIN_TRANSIENT_MAY_DUCK, androidx.media.AudioManagerCompat.AUDIOFOCUS_GAIN_TRANSIENT_EXCLUSIVE}" />
    </annotation>
  </item>
  <item name="androidx.media.AudioFocusRequestCompat.Builder boolean isValidFocusGain(int) 0">
    <annotation name="androidx.annotation.IntDef">
      <val name="value" val="{androidx.media.AudioManagerCompat.AUDIOFOCUS_GAIN, androidx.media.AudioManagerCompat.AUDIOFOCUS_GAIN_TRANSIENT, androidx.media.AudioManagerCompat.AUDIOFOCUS_GAIN_TRANSIENT_MAY_DUCK, androidx.media.AudioManagerCompat.AUDIOFOCUS_GAIN_TRANSIENT_EXCLUSIVE}" />
    </annotation>
  </item>
  <item name="androidx.media.AudioFocusRequestCompat.FocusGainType">
    <annotation name="androidx.annotation.IntDef">
      <val name="value" val="{androidx.media.AudioManagerCompat.AUDIOFOCUS_GAIN, androidx.media.AudioManagerCompat.AUDIOFOCUS_GAIN_TRANSIENT, androidx.media.AudioManagerCompat.AUDIOFOCUS_GAIN_TRANSIENT_MAY_DUCK, androidx.media.AudioManagerCompat.AUDIOFOCUS_GAIN_TRANSIENT_EXCLUSIVE}" />
    </annotation>
  </item>
  <item name="androidx.media.MediaBrowserServiceCompat.Result void setFlags(int) 0">
    <annotation name="androidx.annotation.IntDef">
      <val name="flag" val="true" />
      <val name="value" val="{androidx.media.MediaBrowserServiceCompat.RESULT_FLAG_OPTION_NOT_HANDLED, androidx.media.MediaBrowserServiceCompat.RESULT_FLAG_ON_LOAD_ITEM_NOT_IMPLEMENTED, androidx.media.MediaBrowserServiceCompat.RESULT_FLAG_ON_SEARCH_NOT_IMPLEMENTED}" />
    </annotation>
  </item>
  <item name="androidx.media.VolumeProviderCompat VolumeProviderCompat(int, int, int) 0">
    <annotation name="androidx.annotation.IntDef">
      <val name="value" val="{androidx.media.VolumeProviderCompat.VOLUME_CONTROL_FIXED, androidx.media.VolumeProviderCompat.VOLUME_CONTROL_RELATIVE, androidx.media.VolumeProviderCompat.VOLUME_CONTROL_ABSOLUTE}" />
    </annotation>
  </item>
  <item name="androidx.media.VolumeProviderCompat int getVolumeControl()">
    <annotation name="androidx.annotation.IntDef">
      <val name="value" val="{androidx.media.VolumeProviderCompat.VOLUME_CONTROL_FIXED, androidx.media.VolumeProviderCompat.VOLUME_CONTROL_RELATIVE, androidx.media.VolumeProviderCompat.VOLUME_CONTROL_ABSOLUTE}" />
    </annotation>
  </item>
  <item name="androidx.media.VolumeProviderCompat.ControlType">
    <annotation name="androidx.annotation.IntDef">
      <val name="value" val="{androidx.media.VolumeProviderCompat.VOLUME_CONTROL_FIXED, androidx.media.VolumeProviderCompat.VOLUME_CONTROL_RELATIVE, androidx.media.VolumeProviderCompat.VOLUME_CONTROL_ABSOLUTE}" />
    </annotation>
  </item>
</root>

